Month,Sales
2024-01,12000
2024-02,12500
2024-03,13200
2024-04,12800
2024-05,14000
2024-06,14500
2024-07,15100
2024-08,14800
2024-09,15700
2024-10,16500
2024-11,17200
2024-12,18000
2025-01,18500
2025-02,19200
2025-03,19800
2025-04,20500
2025-05,21300
2025-06,22000
2025-07,22800
2025-08,23500
2025-09,24200
2025-10,25000
2025-11,25800
2025-12,26700
2026-01,27500
2026-02,28400
2026-03,29200
2026-04,30100
2026-05,31000
2026-06,32000
2026-07,32900
2026-08,33900
2026-09,35000
2026-10,36000
2026-11,37100
2026-12,38200